<?xml version="1.0" encoding="UTF-8"?>
<project-private xmlns="http://www.netbeans.org/ns/project-private/1">
    <editor-bookmarks xmlns="http://www.netbeans.org/ns/editor-bookmarks/2" lastBookmarkId="0"/>
    <open-files xmlns="http://www.netbeans.org/ns/projectui-open-files/2">
        <group>
            <file>file:/Users/carloscarrascal/NetBeansProjects/CuerosDeAmerica/src/Modelo/Ventas.java</file>
            <file>file:/Users/carloscarrascal/NetBeansProjects/CuerosDeAmerica/src/Controlador/FileVentasDAO.java</file>
            <file>file:/Users/carloscarrascal/NetBeansProjects/CuerosDeAmerica/src/Modelo/Inventarios.java</file>
            <file>file:/Users/carloscarrascal/NetBeansProjects/CuerosDeAmerica/src/Controlador/FileProductosDAO.java</file>
            <file>file:/Users/carloscarrascal/NetBeansProjects/CuerosDeAmerica/src/Vista/VistaVentas.java</file>
            <file>file:/Users/carloscarrascal/NetBeansProjects/CuerosDeAmerica/src/Vista/VistaInventario.java</file>
            <file>file:/Users/carloscarrascal/NetBeansProjects/CuerosDeAmerica/src/Controlador/AlmacenesDAO.java</file>
            <file>file:/Users/carloscarrascal/NetBeansProjects/CuerosDeAmerica/src/Controlador/ProductosDAO.java</file>
            <file>file:/Users/carloscarrascal/NetBeansProjects/CuerosDeAmerica/src/Vista/VistaProductos.java</file>
            <file>file:/Users/carloscarrascal/NetBeansProjects/CuerosDeAmerica/src/Vista/VistaClientes.java</file>
            <file>file:/Users/carloscarrascal/NetBeansProjects/CuerosDeAmerica/src/Vista/VistaCajeros.java</file>
            <file>file:/Users/carloscarrascal/NetBeansProjects/CuerosDeAmerica/src/Controlador/CajerosDAO.java</file>
            <file>file:/Users/carloscarrascal/NetBeansProjects/CuerosDeAmerica/src/Controlador/FileInventariosDAO.java</file>
            <file>file:/Users/carloscarrascal/NetBeansProjects/CuerosDeAmerica/src/Controlador/ColeccionesDAO.java</file>
            <file>file:/Users/carloscarrascal/NetBeansProjects/CuerosDeAmerica/src/Controlador/FileTipo_productosDAO.java</file>
            <file>file:/Users/carloscarrascal/NetBeansProjects/CuerosDeAmerica/src/Controlador/FileAlmacenesDAO.java</file>
            <file>file:/Users/carloscarrascal/NetBeansProjects/CuerosDeAmerica/src/Controlador/ClientesDAO.java</file>
            <file>file:/Users/carloscarrascal/NetBeansProjects/CuerosDeAmerica/src/Modelo/Tipo_productos.java</file>
            <file>file:/Users/carloscarrascal/NetBeansProjects/CuerosDeAmerica/src/Controlador/FileColeccionesDAO.java</file>
            <file>file:/Users/carloscarrascal/NetBeansProjects/CuerosDeAmerica/src/Vista/VistaTipoProductos.java</file>
            <file>file:/Users/carloscarrascal/NetBeansProjects/CuerosDeAmerica/src/Controlador/InventariosDAO.java</file>
            <file>file:/Users/carloscarrascal/NetBeansProjects/CuerosDeAmerica/src/Controlador/FileClientesDAO.java</file>
            <file>file:/Users/carloscarrascal/NetBeansProjects/CuerosDeAmerica/src/Vista/VistaAlmacen.java</file>
            <file>file:/Users/carloscarrascal/NetBeansProjects/CuerosDeAmerica/src/Vista/VistaColecciones.java</file>
            <file>file:/Users/carloscarrascal/NetBeansProjects/CuerosDeAmerica/src/Vista/MenuPrincipal.java</file>
            <file>file:/Users/carloscarrascal/NetBeansProjects/CuerosDeAmerica/src/Controlador/FileCajerosDAO.java</file>
            <file>file:/Users/carloscarrascal/NetBeansProjects/CuerosDeAmerica/src/Modelo/Almacenes.java</file>
            <file>file:/Users/carloscarrascal/NetBeansProjects/CuerosDeAmerica/src/Modelo/Productos.java</file>
        </group>
    </open-files>
</project-private>
